id,name,gender,age,degree
2,Jane Smith,Female,24,Bachelor's
4,Emily Davis,Female,23,Bachelor's
6,Sarah Wilson,Female,25,Bachelor's
8,Emma Garcia,Female,NA,Bachelor's
10,Samantha Anderson,Female,23,Bachelor's
12,Ava Lopez,Female,25,Bachelor's
14,Mia Gonzalez,Female,24,Bachelor's
16,Isabella Perez,Female,25,Bachelor's
18,Olivia Moore,Female,24,Bachelor's
20,Amelia Rivera,Female,25,Bachelor's
22,Elizabeth Wood,Female,26,Bachelor's
24,Charlotte Ross,Female,25,Bachelor's
26,Grace Watson,Female,24,Bachelor's
28,Natalie Murphy,Female,25,Bachelor's
30,Chloe Peterson,Female,26,Bachelor's
32,Anna Cooper,Female,25,Bachelor's
34,Sophia Price,Female,24,Bachelor's
36,Olivia Moore,Female,25,Bachelor's
38,Amelia Rivera,Female,26,Bachelor's
40,Isabella Perez,Female,25,Bachelor's
42,Mia Gonzalez,Female,26,Bachelor's
44,Olivia Moore,Female,25,Bachelor's
46,Charlotte Ross,Female,24,Bachelor's
48,Grace Watson,Female,25,Bachelor's
50,Chloe Peterson,Female,24,Bachelor's
52,Anna Cooper,Female,25,Bachelor's
54,Sophia Price,Female,24,Bachelor's
56,Olivia Moore,Female,25,Bachelor's
58,Amelia Rivera,Female,26,Bachelor's
60,Isabella Perez,Female,25,Bachelor's
62,Mia Gonzalez,Female,26,Bachelor's
64,Olivia Moore,Female,25,Bachelor's
66,Charlotte Ross,Female,24,Bachelor's
68,Grace Watson,Female,25,Bachelor's
70,Chloe Peterson,Female,24,Bachelor's
72,Anna Cooper,Female,25,Bachelor's
74,Sophia Price,Female,24,Bachelor's
76,Olivia Moore,Female,25,Bachelor's
78,Amelia Rivera,Female,26,Bachelor's
80,Isabella Perez,Female,25,Bachelor's
82,Mia Gonzalez,Female,26,Bachelor's
84,Olivia Moore,Female,25,Bachelor's
86,Charlotte Ross,Female,24,Bachelor's
88,Grace Watson,Female,25,Bachelor's
90,Chloe Peterson,Female,24,Bachelor's
92,Anna Cooper,Female,25,Bachelor's
94,Sophia Price,Female,24,Bachelor's
96,Olivia Moore,Female,25,Bachelor's
98,Amelia Rivera,Female,26,Bachelor's
100,Isabella Perez,Female,25,Bachelor's
102,Mia Gonzalez,Female,26,Bachelor's
104,Olivia Moore,Female,25,Bachelor's
106,Charlotte Ross,Female,24,Bachelor's
108,Grace Watson,Female,25,Bachelor's
110,Chloe Peterson,Female,24,Bachelor's
112,Anna Cooper,Female,25,Bachelor's
114,Sophia Price,Female,24,Bachelor's
116,Olivia Moore,Female,25,Bachelor's
118,Amelia Rivera,Female,26,Bachelor's
120,Isabella Perez,Female,25,Bachelor's
122,Mia Gonzalez,Female,26,Bachelor's
124,Olivia Moore,Female,25,Bachelor's
126,Charlotte Ross,Female,24,Bachelor's
128,Grace Watson,Female,25,Bachelor's
130,Chloe Peterson,Female,24,Bachelor's
132,Anna Cooper,Female,25,Bachelor's
134,Sophia Price,Female,24,Bachelor's
136,Olivia Moore,Female,25,Bachelor's
138,Amelia Rivera,Female,26,Bachelor's
140,Isabella Perez,Female,25,Bachelor's
142,Mia Gonzalez,Female,26,Bachelor's
144,Olivia Moore,Female,25,Bachelor's
146,Charlotte Ross,Female,24,Bachelor's
148,Grace Watson,Female,25,Bachelor's
150,Chloe Peterson,Female,24,Bachelor's
152,Anna Cooper,Female,25,Bachelor's
154,Sophia Price,Female,24,Bachelor's
156,Olivia Moore,Female,25,Bachelor's
158,Amelia Rivera,Female,26,Bachelor's
160,Isabella Perez,Female,25,Bachelor's
162,Mia Gonzalez,Female,26,Bachelor's
164,Olivia Moore,Female,25,Bachelor's
166,Charlotte Ross,Female,24,Bachelor's
168,Grace Watson,Female,25,Bachelor's
170,Chloe Peterson,Female,24,Bachelor's
172,Anna Cooper,Female,25,Bachelor's
174,Sophia Price,Female,24,Bachelor's
176,Olivia Moore,Female,25,Bachelor's
178,Amelia Rivera,Female,26,Bachelor's
180,Isabella Perez,Female,25,Bachelor's
182,Mia Gonzalez,Female,26,Bachelor's
184,Olivia Moore,Female,25,Bachelor's
186,Charlotte Ross,Female,24,Bachelor's
188,Grace Watson,Female,25,Bachelor's
189,Emma Brown,Female,23,Bachelor's
191,Sophia Martinez,Female,25,Bachelor's
193,Olivia Smith,Female,24,Bachelor's
195,Ava Williams,Female,25,Bachelor's
197,Amelia Smith,Female,24,Bachelor's
199,Olivia Brown,Female,25,Bachelor's
201,Emma Brown,Female,23,Bachelor's
203,Sophia Martinez,Female,25,Bachelor's
205,Olivia Smith,Female,24,Bachelor's
207,Ava Williams,Female,25,Bachelor's
209,Amelia Smith,Female,24,Bachelor's
211,Olivia Brown,Female,25,Bachelor's
213,Emma Brown,Female,23,Bachelor's
215,Sophia Martinez,Female,25,Bachelor's
217,Olivia Smith,Female,24,Bachelor's
219,Ava Williams,Female,25,Bachelor's
221,Amelia Smith,Female,24,Bachelor's
223,Olivia Brown,Female,25,Bachelor's
225,Emma Brown,Female,23,Bachelor's
227,Sophia Martinez,Female,25,Bachelor's
229,Olivia Smith,Female,24,Bachelor's
231,Ava Williams,Female,25,Bachelor's
233,Amelia Smith,Female,24,Bachelor's
235,Olivia Brown,Female,25,Bachelor's
237,Emma Brown,Female,23,Bachelor's
239,Sophia Martinez,Female,25,Bachelor's
241,Olivia Smith,Female,24,Bachelor's
243,Ava Williams,Female,25,Bachelor's
245,Amelia Smith,Female,24,Bachelor's
247,Olivia Brown,Female,25,Bachelor's
249,Emma Brown,Female,23,Bachelor's
251,Sophia Martinez,Female,25,Bachelor's
253,Olivia Smith,Female,24,Bachelor's
255,Ava Williams,Female,25,Bachelor's
257,Amelia Smith,Female,24,Bachelor's
259,Olivia Brown,Female,25,Bachelor's
261,Emma Brown,Female,23,Bachelor's
263,Sophia Martinez,Female,25,Bachelor's
265,Olivia Smith,Female,24,Bachelor's
267,Ava Williams,Female,25,Bachelor's
269,Amelia Smith,Female,24,Bachelor's
271,Olivia Brown,Female,25,Bachelor's
273,Emma Brown,Female,23,Bachelor's
275,Sophia Martinez,Female,25,Bachelor's
277,Emily Watson,Female,25,Bachelor's
279,Sophia Hernandez,Female,26,Bachelor's
281,Amelia Lee,Female,25,Bachelor's
283,Isabella Smith,Female,26,Bachelor's
285,Sophia Jones,Female,25,Bachelor's
287,Emma Martinez,Female,26,Bachelor's
289,Mia Wilson,Female,23,Bachelor's
291,Emma Lopez,Female,24,Bachelor's
293,Chloe Hernandez,Female,26,Bachelor's
294,Ava Lee,Female,24,Bachelor's
296,Isabella Martinez,Female,23,Bachelor's
298,Sophia Johnson,Female,24,Bachelor's
300,Emma Martinez,Female,26,Bachelor's
302,Mia Wilson,Female,23,Bachelor's
304,Emma Lopez,Female,24,Bachelor's
306,Chloe Hernandez,Female,26,Bachelor's
307,Ava Lee,Female,24,Bachelor's
309,Isabella Martinez,Female,23,Bachelor's
311,Sophia Johnson,Female,24,Bachelor's
313,Emma Martinez,Female,26,Bachelor's
315,Mia Wilson,Female,23,Bachelor's
317,Emma Lopez,Female,24,Bachelor's
319,Chloe Hernandez,Female,26,Bachelor's
320,Ava Lee,Female,24,Bachelor's
322,Isabella Martinez,Female,23,Bachelor's
324,Sophia Johnson,Female,24,Bachelor's
326,Emma Martinez,Female,26,Bachelor's
328,Mia Wilson,Female,23,Bachelor's
330,Emma Lopez,Female,24,Bachelor's
332,Chloe Hernandez,Female,26,Bachelor's
333,Ava Lee,Female,24,Bachelor's
335,Isabella Martinez,Female,23,Bachelor's
337,Sophia Johnson,Female,24,Bachelor's
339,Emma Martinez,Female,26,Bachelor's
341,Mia Wilson,Female,23,Bachelor's
343,Emma Lopez,Female,24,Bachelor's
345,Chloe Hernandez,Female,26,Bachelor's
346,Ava Lee,Female,24,Bachelor's
348,Isabella Martinez,Female,23,Bachelor's
350,Sophia Johnson,Female,24,Bachelor's
352,Emma Martinez,Female,26,Bachelor's
354,Mia Wilson,Female,23,Bachelor's
356,Emma Lopez,Female,24,Bachelor's
358,Chloe Hernandez,Female,26,Bachelor's
359,Ava Lee,Female,24,Bachelor's
361,Isabella Martinez,Female,23,Bachelor's
363,Sophia Johnson,Female,24,Bachelor's
365,Emma Martinez,Female,26,Bachelor's
367,Mia Wilson,Female,23,Bachelor's
369,Emma Lopez,Female,24,Bachelor's
371,Chloe Hernandez,Female,26,Bachelor's
372,Ava Lee,Female,24,Bachelor's
374,Isabella Martinez,Female,23,Bachelor's
376,Sophia Johnson,Female,24,Bachelor's
378,Emma Martinez,Female,26,Bachelor's
380,Mia Wilson,Female,23,Bachelor's
382,Emma Lopez,Female,24,Bachelor's
384,Chloe Hernandez,Female,26,Bachelor's
385,Ava Lee,Female,24,Bachelor's
387,Isabella Martinez,Female,23,Bachelor's
389,Sophia Johnson,Female,24,Bachelor's
391,Emma Martinez,Female,26,Bachelor's
393,Mia Wilson,Female,23,Bachelor's
395,Emma Lopez,Female,24,Bachelor's
397,Chloe Hernandez,Female,26,Bachelor's
398,Ava Lee,Female,24,Bachelor's
400,Isabella Martinez,Female,23,Bachelor's
402,Sophia Johnson,Female,24,Bachelor's
404,Emma Martinez,Female,26,Bachelor's
406,Mia Wilson,Female,23,Bachelor's
408,Emma Lopez,Female,24,Bachelor's
410,Chloe Hernandez,Female,26,Bachelor's
411,Ava Lee,Female,24,Bachelor's
413,Isabella Martinez,Female,23,Bachelor's
415,Sophia Johnson,Female,24,Bachelor's
417,Emma Martinez,Female,26,Bachelor's
419,Mia Wilson,Female,23,Bachelor's
421,Emma Lopez,Female,24,Bachelor's
423,Chloe Hernandez,Female,26,Bachelor's
424,Ava Lee,Female,24,Bachelor's
426,Isabella Martinez,Female,23,Bachelor's
428,Sophia Johnson,Female,24,Bachelor's
430,Emma Martinez,Female,26,Bachelor's
432,Mia Wilson,Female,23,Bachelor's
434,Emma Lopez,Female,24,Bachelor's
436,Chloe Hernandez,Female,26,Bachelor's
437,Ava Lee,Female,24,Bachelor's
439,Isabella Martinez,Female,23,Bachelor's
441,Sophia Johnson,Female,24,Bachelor's
443,Emma Martinez,Female,26,Bachelor's
445,Mia Wilson,Female,23,Bachelor's
447,Emma Lopez,Female,24,Bachelor's
449,Chloe Hernandez,Female,26,Bachelor's
450,Ava Lee,Female,24,Bachelor's
452,Isabella Martinez,Female,23,Bachelor's
454,Sophia Johnson,Female,24,Bachelor's
456,Emma Martinez,Female,26,Bachelor's
458,Mia Wilson,Female,23,Bachelor's
460,Emma Lopez,Female,24,Bachelor's
462,Chloe Hernandez,Female,26,Bachelor's
463,Ava Lee,Female,24,Bachelor's
465,Isabella Martinez,Female,23,Bachelor's
467,Sophia Johnson,Female,24,Bachelor's
469,Emma Martinez,Female,26,Bachelor's
471,Mia Wilson,Female,23,Bachelor's
473,Emma Lopez,Female,24,Bachelor's
475,Chloe Hernandez,Female,26,Bachelor's
476,Ava Lee,Female,24,Bachelor's
478,Isabella Martinez,Female,23,Bachelor's
480,Sophia Johnson,Female,24,Bachelor's
482,Emma Martinez,Female,26,Bachelor's
484,Mia Wilson,Female,23,Bachelor's
486,Emma Lopez,Female,24,Bachelor's
488,Chloe Hernandez,Female,26,Bachelor's
489,Ava Lee,Female,24,Bachelor's
491,Isabella Martinez,Female,23,Bachelor's
493,Sophia Johnson,Female,24,Bachelor's
495,Emma Martinez,Female,26,Bachelor's
497,Mia Wilson,Female,23,Bachelor's
499,Emma Lopez,Female,24,Bachelor's
501,Chloe Hernandez,Female,26,Bachelor's
502,Ava Lee,Female,24,Bachelor's
504,Isabella Martinez,Female,23,Bachelor's
506,Sophia Johnson,Female,24,Bachelor's
508,Emma Martinez,Female,26,Bachelor's
510,Mia Wilson,Female,23,Bachelor's
512,Emma Lopez,Female,24,Bachelor's
514,Chloe Hernandez,Female,26,Bachelor's
515,Ava Lee,Female,24,Bachelor's
517,Isabella Martinez,Female,23,Bachelor's
519,Sophia Johnson,Female,24,Bachelor's
521,Emma Martinez,Female,26,Bachelor's
523,Mia Wilson,Female,23,Bachelor's
525,Emma Lopez,Female,24,Bachelor's
527,Chloe Hernandez,Female,26,Bachelor's
528,Ava Lee,Female,24,Bachelor's
530,Isabella Martinez,Female,23,Bachelor's
532,Sophia Johnson,Female,24,Bachelor's
534,Emma Martinez,Female,26,Bachelor's
536,Mia Wilson,Female,23,Bachelor's
538,Emma Lopez,Female,24,Bachelor's
540,Chloe Hernandez,Female,26,Bachelor's
541,Ava Lee,Female,24,Bachelor's
543,Isabella Martinez,Female,23,Bachelor's
545,Sophia Johnson,Female,24,Bachelor's
547,Emma Martinez,Female,26,Bachelor's
549,Mia Wilson,Female,23,Bachelor's
551,Emma Lopez,Female,24,Bachelor's
553,Chloe Hernandez,Female,26,Bachelor's
554,Ava Lee,Female,24,Bachelor's
556,Isabella Martinez,Female,23,Bachelor's
558,Sophia Johnson,Female,24,Bachelor's
560,Emma Martinez,Female,26,Bachelor's
562,Mia Wilson,Female,23,Bachelor's
564,Emma Lopez,Female,24,Bachelor's
566,Chloe Hernandez,Female,26,Bachelor's
567,Ava Lee,Female,24,Bachelor's
569,Isabella Martinez,Female,23,Bachelor's
571,Sophia Johnson,Female,24,Bachelor's
573,Emma Martinez,Female,26,Bachelor's
575,Mia Wilson,Female,23,Bachelor's
577,Emma Lopez,Female,24,Bachelor's
579,Chloe Hernandez,Female,26,Bachelor's
580,Ava Lee,Female,24,Bachelor's
582,Isabella Martinez,Female,23,Bachelor's
584,Sophia Johnson,Female,24,Bachelor's
586,Emma Martinez,Female,26,Bachelor's
588,Mia Wilson,Female,23,Bachelor's
590,Emma Lopez,Female,24,Bachelor's
592,Chloe Hernandez,Female,26,Bachelor's
593,Ava Lee,Female,24,Bachelor's
595,Isabella Martinez,Female,23,Bachelor's
597,Sophia Johnson,Female,24,Bachelor's
599,Emma Martinez,Female,26,Bachelor's
601,Mia Wilson,Female,23,Bachelor's
603,Emma Lopez,Female,24,Bachelor's
605,Chloe Hernandez,Female,26,Bachelor's
606,Ava Lee,Female,24,Bachelor's
608,Isabella Martinez,Female,23,Bachelor's
610,Sophia Johnson,Female,24,Bachelor's
612,Emma Martinez,Female,26,Bachelor's
614,Mia Wilson,Female,23,Bachelor's
616,Emma Lopez,Female,24,Bachelor's
618,Chloe Hernandez,Female,26,Bachelor's
619,Emma Martinez,Female,26,Bachelor's
621,Mia Wilson,Female,23,Bachelor's
625,Chloe Hernandez,Female,26,Bachelor's
626,Ava Lee,Female,24,Bachelor's
628,Isabella Martinez,Female,23,Bachelor's
630,Sophia Johnson,Female,24,Bachelor's
632,Emma Martinez,Female,26,Bachelor's
634,Mia Wilson,Female,23,Bachelor's
636,Emma Lopez,Female,24,Bachelor's
638,Chloe Hernandez,Female,NA,Bachelor's
639,Ava Lee,Female,24,Bachelor's
641,Isabella Martinez,Female,23,Bachelor's
643,Sophia Johnson,Female,24,Bachelor's
645,Emma Martinez,Female,26,Bachelor's
647,Mia Wilson,Female,23,Bachelor's
649,Emma Lopez,Female,24,Bachelor's
651,Chloe Hernandez,Female,26,Bachelor's
652,Ava Lee,Female,24,Bachelor's
654,Isabella Martinez,Female,23,Bachelor's
656,Sophia Johnson,Female,24,Bachelor's
658,Emma Martinez,Female,26,Bachelor's
660,Mia Wilson,Female,23,Bachelor's
662,Emma Lopez,Female,24,Bachelor's
664,Chloe Hernandez,Female,26,Bachelor's
665,Ava Lee,Female,24,Bachelor's
667,Isabella Martinez,Female,23,Bachelor's
669,Sophia Johnson,Female,24,Bachelor's
671,Emma Martinez,Female,26,Bachelor's
673,Mia Wilson,Female,23,Bachelor's
675,Emma Lopez,Female,24,Bachelor's
677,Chloe Hernandez,Female,26,Bachelor's
678,Ava Lee,Female,24,Bachelor's
680,Isabella Martinez,Female,23,Bachelor's
682,Sophia Johnson,Female,24,Bachelor's
684,Emma Martinez,Female,26,Bachelor's
686,Mia Wilson,Female,23,Bachelor's
688,Emma Lopez,Female,24,Bachelor's
690,Chloe Hernandez,Female,26,Bachelor's
691,Ava Lee,Female,24,Bachelor's
693,Isabella Martinez,Female,23,Bachelor's
695,Sophia Johnson,Female,24,Bachelor's
697,Emma Martinez,Female,26,Bachelor's
699,Mia Wilson,Female,23,Bachelor's
1,John Doe,Male,25,Bachelor's
3,Michael Johnson,Male,26,Bachelor's
5,David Brown,Male,24,Bachelor's
7,James Martinez,Male,26,Bachelor's
9,Alexander Taylor,Male,25,Bachelor's
11,William Hernandez,Male,24,Bachelor's
13,Daniel Martinez,Male,26,Bachelor's
15,Alexander Rodriguez,Male,23,Bachelor's
17,Ethan Turner,Male,26,Bachelor's
19,Mason Parker,Male,NA,Bachelor's
21,Lucas Reed,Male,24,Bachelor's
23,Aiden Ward,Male,23,Bachelor's
25,Owen Brooks,Male,26,Bachelor's
27,Jack Bailey,Male,23,Bachelor's
29,Liam Russell,Male,24,Bachelor's
31,Elijah Kelly,Male,23,Bachelor's
33,Lucas Reed,Male,26,Bachelor's
35,Mason Parker,Male,23,Bachelor's
37,William Hernandez,Male,24,Bachelor's
39,Ethan Turner,Male,23,Bachelor's
41,Daniel Martinez,Male,24,Bachelor's
43,Alexander Rodriguez,Male,23,Bachelor's
45,Jack Bailey,Male,26,Bachelor's
47,Owen Brooks,Male,23,Bachelor's
49,Liam Russell,Male,26,Bachelor's
51,Elijah Kelly,Male,23,Bachelor's
53,Lucas Reed,Male,26,Bachelor's
55,Mason Parker,Male,23,Bachelor's
57,William Hernandez,Male,24,Bachelor's
59,Ethan Turner,Male,23,Bachelor's
61,Daniel Martinez,Male,24,Bachelor's
63,Alexander Rodriguez,Male,23,Bachelor's
65,Jack Bailey,Male,26,Bachelor's
67,Owen Brooks,Male,23,Bachelor's
69,Liam Russell,Male,26,Bachelor's
71,Elijah Kelly,Male,23,Bachelor's
73,Lucas Reed,Male,26,Bachelor's
75,Mason Parker,Male,23,Bachelor's
77,William Hernandez,Male,24,Bachelor's
79,Ethan Turner,Male,23,Bachelor's
81,Daniel Martinez,Male,24,Bachelor's
83,Alexander Rodriguez,Male,23,Bachelor's
85,Jack Bailey,Male,26,Bachelor's
87,Owen Brooks,Male,23,Bachelor's
89,Liam Russell,Male,26,Bachelor's
91,Elijah Kelly,Male,23,Bachelor's
93,Lucas Reed,Male,26,Bachelor's
95,Mason Parker,Male,23,Bachelor's
97,William Hernandez,Male,24,Bachelor's
99,Ethan Turner,Male,23,Bachelor's
101,Daniel Martinez,Male,24,Bachelor's
103,Alexander Rodriguez,Male,23,Bachelor's
105,Jack Bailey,Male,26,Bachelor's
107,Owen Brooks,Male,23,Bachelor's
109,Liam Russell,Male,26,Bachelor's
111,Elijah Kelly,Male,23,Bachelor's
113,Lucas Reed,Male,26,Bachelor's
115,Mason Parker,Male,23,Bachelor's
117,William Hernandez,Male,24,Bachelor's
119,Ethan Turner,Male,23,Bachelor's
121,Daniel Martinez,Male,24,Bachelor's
123,Alexander Rodriguez,Male,23,Bachelor's
125,Jack Bailey,Male,26,Bachelor's
127,Owen Brooks,Male,23,Bachelor's
129,Liam Russell,Male,26,Bachelor's
131,Elijah Kelly,Male,23,Bachelor's
133,Lucas Reed,Male,26,Bachelor's
135,Mason Parker,Male,23,Bachelor's
137,William Hernandez,Male,24,Bachelor's
139,Ethan Turner,Male,23,Bachelor's
141,Daniel Martinez,Male,24,Bachelor's
143,Alexander Rodriguez,Male,23,Bachelor's
145,Jack Bailey,Male,26,Bachelor's
147,Owen Brooks,Male,23,Bachelor's
149,Liam Russell,Male,26,Bachelor's
151,Elijah Kelly,Male,23,Bachelor's
153,Lucas Reed,Male,26,Bachelor's
155,Mason Parker,Male,23,Bachelor's
157,William Hernandez,Male,24,Bachelor's
159,Ethan Turner,Male,23,Bachelor's
161,Daniel Martinez,Male,24,Bachelor's
163,Alexander Rodriguez,Male,23,Bachelor's
165,Jack Bailey,Male,26,Bachelor's
167,Owen Brooks,Male,23,Bachelor's
169,Liam Russell,Male,26,Bachelor's
171,Elijah Kelly,Male,23,Bachelor's
173,Lucas Reed,Male,26,Bachelor's
175,Mason Parker,Male,23,Bachelor's
177,William Hernandez,Male,24,Bachelor's
179,Ethan Turner,Male,23,Bachelor's
181,Daniel Martinez,Male,24,Bachelor's
183,Alexander Rodriguez,Male,23,Bachelor's
185,Jack Bailey,Male,26,Bachelor's
187,Owen Brooks,Male,23,Bachelor's
190,Noah Garcia,Male,24,Bachelor's
192,Liam Rodriguez,Male,26,Bachelor's
194,Ethan Johnson,Male,23,Bachelor's
196,Liam Brown,Male,26,Bachelor's
198,William Garcia,Male,23,Bachelor's
200,Elijah Garcia,Male,24,Bachelor's
202,Noah Garcia,Male,24,Bachelor's
204,Liam Rodriguez,Male,26,Bachelor's
206,Ethan Johnson,Male,23,Bachelor's
208,Liam Brown,Male,26,Bachelor's
210,William Garcia,Male,23,Bachelor's
212,Elijah Garcia,Male,24,Bachelor's
214,Noah Garcia,Male,24,Bachelor's
216,Liam Rodriguez,Male,26,Bachelor's
218,Ethan Johnson,Male,23,Bachelor's
220,Liam Brown,Male,26,Bachelor's
222,William Garcia,Male,23,Bachelor's
224,Elijah Garcia,Male,24,Bachelor's
226,Noah Garcia,Male,24,Bachelor's
228,Liam Rodriguez,Male,26,Bachelor's
230,Ethan Johnson,Male,23,Bachelor's
232,Liam Brown,Male,26,Bachelor's
234,William Garcia,Male,23,Bachelor's
236,Elijah Garcia,Male,24,Bachelor's
238,Noah Garcia,Male,24,Bachelor's
240,Liam Rodriguez,Male,26,Bachelor's
242,Ethan Johnson,Male,23,Bachelor's
244,Liam Brown,Male,26,Bachelor's
246,William Garcia,Male,23,Bachelor's
248,Elijah Garcia,Male,24,Bachelor's
250,Noah Garcia,Male,24,Bachelor's
252,Liam Rodriguez,Male,26,Bachelor's
254,Ethan Johnson,Male,23,Bachelor's
256,Liam Brown,Male,26,Bachelor's
258,William Garcia,Male,23,Bachelor's
260,Elijah Garcia,Male,24,Bachelor's
262,Noah Garcia,Male,24,Bachelor's
264,Liam Rodriguez,Male,26,Bachelor's
266,Ethan Johnson,Male,23,Bachelor's
268,Liam Brown,Male,26,Bachelor's
270,William Garcia,Male,23,Bachelor's
272,Elijah Garcia,Male,24,Bachelor's
274,Noah Garcia,Male,24,Bachelor's
276,Liam Rodriguez,Male,24,Bachelor's
278,Nathan Garcia,Male,23,Bachelor's
280,Oliver Martinez,Male,24,Bachelor's
282,Ethan Johnson,Male,23,Bachelor's
284,Aiden Brown,Male,24,Bachelor's
286,Lucas Taylor,Male,23,Bachelor's
288,Aiden Davis,Male,24,Bachelor's
290,Jack Garcia,Male,26,Bachelor's
292,Oliver Rodriguez,Male,23,Bachelor's
295,Liam Perez,Male,25,Bachelor's
297,Alexander Lee,Male,26,Bachelor's
299,Lucas Taylor,Male,23,Bachelor's
301,Aiden Davis,Male,24,Bachelor's
303,Jack Garcia,Male,26,Bachelor's
305,Oliver Rodriguez,Male,23,Bachelor's
308,Liam Perez,Male,25,Bachelor's
310,Alexander Lee,Male,26,Bachelor's
312,Lucas Taylor,Male,23,Bachelor's
314,Aiden Davis,Male,24,Bachelor's
316,Jack Garcia,Male,26,Bachelor's
318,Oliver Rodriguez,Male,23,Bachelor's
321,Liam Perez,Male,25,Bachelor's
323,Alexander Lee,Male,26,Bachelor's
325,Lucas Taylor,Male,23,Bachelor's
327,Aiden Davis,Male,24,Bachelor's
329,Jack Garcia,Male,26,Bachelor's
331,Oliver Rodriguez,Male,23,Bachelor's
334,Liam Perez,Male,25,Bachelor's
336,Alexander Lee,Male,26,Bachelor's
338,Lucas Taylor,Male,23,Bachelor's
340,Aiden Davis,Male,24,Bachelor's
342,Jack Garcia,Male,26,Bachelor's
344,Oliver Rodriguez,Male,23,Bachelor's
347,Liam Perez,Male,25,Bachelor's
349,Alexander Lee,Male,26,Bachelor's
351,Lucas Taylor,Male,23,Bachelor's
353,Aiden Davis,Male,24,Bachelor's
355,Jack Garcia,Male,26,Bachelor's
357,Oliver Rodriguez,Male,23,Bachelor's
360,Liam Perez,Male,25,Bachelor's
362,Alexander Lee,Male,26,Bachelor's
364,Lucas Taylor,Male,23,Bachelor's
366,Aiden Davis,Male,24,Bachelor's
368,Jack Garcia,Male,26,Bachelor's
370,Oliver Rodriguez,Male,23,Bachelor's
373,Liam Perez,Male,25,Bachelor's
375,Alexander Lee,Male,26,Bachelor's
377,Lucas Taylor,Male,23,Bachelor's
379,Aiden Davis,Male,24,Bachelor's
381,Jack Garcia,Male,26,Bachelor's
383,Oliver Rodriguez,Male,23,Bachelor's
386,Liam Perez,Male,25,Bachelor's
388,Alexander Lee,Male,26,Bachelor's
390,Lucas Taylor,Male,23,Bachelor's
392,Aiden Davis,Male,24,Bachelor's
394,Jack Garcia,Male,26,Bachelor's
396,Oliver Rodriguez,Male,23,Bachelor's
399,Liam Perez,Male,25,Bachelor's
401,Alexander Lee,Male,26,Bachelor's
403,Lucas Taylor,Male,23,Bachelor's
405,Aiden Davis,Male,24,Bachelor's
407,Jack Garcia,Male,26,Bachelor's
409,Oliver Rodriguez,Male,23,Bachelor's
412,Liam Perez,Male,25,Bachelor's
414,Alexander Lee,Male,26,Bachelor's
416,Lucas Taylor,Male,23,Bachelor's
418,Aiden Davis,Male,24,Bachelor's
420,Jack Garcia,Male,26,Bachelor's
422,Oliver Rodriguez,Male,23,Bachelor's
425,Liam Perez,Male,25,Bachelor's
427,Alexander Lee,Male,26,Bachelor's
429,Lucas Taylor,Male,23,Bachelor's
431,Aiden Davis,Male,24,Bachelor's
433,Jack Garcia,Male,26,Bachelor's
435,Oliver Rodriguez,Male,23,Bachelor's
438,Liam Perez,Male,25,Bachelor's
440,Alexander Lee,Male,26,Bachelor's
442,Lucas Taylor,Male,23,Bachelor's
444,Aiden Davis,Male,24,Bachelor's
446,Jack Garcia,Male,26,Bachelor's
448,Oliver Rodriguez,Male,23,Bachelor's
451,Liam Perez,Male,25,Bachelor's
453,Alexander Lee,Male,26,Bachelor's
455,Lucas Taylor,Male,23,Bachelor's
457,Aiden Davis,Male,24,Bachelor's
459,Jack Garcia,Male,26,Bachelor's
461,Oliver Rodriguez,Male,23,Bachelor's
464,Liam Perez,Male,25,Bachelor's
466,Alexander Lee,Male,26,Bachelor's
468,Lucas Taylor,Male,23,Bachelor's
470,Aiden Davis,Male,24,Bachelor's
472,Jack Garcia,Male,26,Bachelor's
474,Oliver Rodriguez,Male,23,Bachelor's
477,Liam Perez,Male,25,Bachelor's
479,Alexander Lee,Male,26,Bachelor's
481,Lucas Taylor,Male,23,Bachelor's
483,Aiden Davis,Male,24,Bachelor's
485,Jack Garcia,Male,26,Bachelor's
487,Oliver Rodriguez,Male,23,Bachelor's
490,Liam Perez,Male,25,Bachelor's
492,Alexander Lee,Male,26,Bachelor's
494,Lucas Taylor,Male,23,Bachelor's
496,Aiden Davis,Male,24,Bachelor's
498,Jack Garcia,Male,26,Bachelor's
500,Oliver Rodriguez,Male,23,Bachelor's
503,Liam Perez,Male,25,Bachelor's
505,Alexander Lee,Male,26,Bachelor's
507,Lucas Taylor,Male,23,Bachelor's
509,Aiden Davis,Male,24,Bachelor's
511,Jack Garcia,Male,26,Bachelor's
513,Oliver Rodriguez,Male,23,Bachelor's
516,Liam Perez,Male,25,Bachelor's
518,Alexander Lee,Male,26,Bachelor's
520,Lucas Taylor,Male,23,Bachelor's
522,Aiden Davis,Male,24,Bachelor's
524,Jack Garcia,Male,26,Bachelor's
526,Oliver Rodriguez,Male,23,Bachelor's
529,Liam Perez,Male,25,Bachelor's
531,Alexander Lee,Male,26,Bachelor's
533,Lucas Taylor,Male,23,Bachelor's
535,Aiden Davis,Male,24,Bachelor's
539,Oliver Rodriguez,Male,23,Bachelor's
544,Alexander Lee,Male,26,Bachelor's
546,Lucas Taylor,Male,23,Bachelor's
548,Aiden Davis,Male,24,Bachelor's
550,Jack Garcia,Male,26,Bachelor's
552,Oliver Rodriguez,Male,23,Bachelor's
555,Liam Perez,Male,25,Bachelor's
557,Alexander Lee,Male,26,Bachelor's
559,Lucas Taylor,Male,23,Bachelor's
561,Aiden Davis,Male,24,Bachelor's
563,Jack Garcia,Male,26,Bachelor's
565,Oliver Rodriguez,Male,23,Bachelor's
568,Liam Perez,Male,25,Bachelor's
570,Alexander Lee,Male,26,Bachelor's
572,Lucas Taylor,Male,23,Bachelor's
574,Aiden Davis,Male,24,Bachelor's
576,Jack Garcia,Male,26,Bachelor's
578,Oliver Rodriguez,Male,23,Bachelor's
581,Liam Perez,Male,25,Bachelor's
583,Alexander Lee,Male,26,Bachelor's
585,Lucas Taylor,Male,23,Bachelor's
587,Aiden Davis,Male,24,Bachelor's
589,Jack Garcia,Male,26,Bachelor's
591,Oliver Rodriguez,Male,23,Bachelor's
594,Liam Perez,Male,25,Bachelor's
596,Alexander Lee,Male,26,Bachelor's
598,Lucas Taylor,Male,23,Bachelor's
600,Aiden Davis,Male,24,Bachelor's
602,Jack Garcia,Male,26,Bachelor's
604,Oliver Rodriguez,Male,23,Bachelor's
607,Liam Perez,Male,25,Bachelor's
609,Alexander Lee,Male,26,Bachelor's
611,Lucas Taylor,Male,23,Bachelor's
613,Aiden Davis,Male,24,Bachelor's
615,Jack Garcia,Male,26,Bachelor's
617,Oliver Rodriguez,Male,23,Bachelor's
620,Aiden Davis,Male,24,Bachelor's
622,Jack Garcia,Male,26,Bachelor's
624,Oliver Rodriguez,Male,23,Bachelor's
627,Liam Perez,Male,25,NA
629,Alexander Lee,Male,,Bachelor's
631,Lucas Taylor,Male,23,Bachelor's
633,Aiden Davis,Male,24,Bachelor's
635,Jack Garcia,Male,26,Bachelor's
637,Oliver Rodriguez,Male,23,Bachelor's
640,Liam Perez,Male,25,Bachelor's
642,Alexander Lee,Male,26,Bachelor's
644,Lucas Taylor,Male,23,Bachelor's
646,Aiden Davis,Male,24,Bachelor's
648,Jack Garcia,Male,26,Bachelor's
650,Oliver Rodriguez,Male,23,Bachelor's
653,Liam Perez,Male,25,Bachelor's
655,Alexander Lee,Male,26,Bachelor's
657,Lucas Taylor,Male,23,Bachelor's
659,Aiden Davis,Male,24,Bachelor's
661,Jack Garcia,Male,26,Bachelor's
663,Oliver Rodriguez,Male,23,Bachelor's
666,Liam Perez,Male,25,Bachelor's
668,Alexander Lee,Male,26,Bachelor's
670,Lucas Taylor,Male,23,Bachelor's
672,Aiden Davis,Male,24,Bachelor's
674,Jack Garcia,Male,26,Bachelor's
676,Oliver Rodriguez,Male,23,Bachelor's
679,Liam Perez,Male,25,Bachelor's
681,Alexander Lee,Male,26,Bachelor's
683,Lucas Taylor,Male,23,Bachelor's
685,Aiden Davis,Male,24,Bachelor's
687,Jack Garcia,Male,26,Bachelor's
689,Oliver Rodriguez,Male,23,Bachelor's
692,Liam Perez,Male,25,Bachelor's
694,Alexander Lee,Male,26,Bachelor's
696,Lucas Taylor,Male,23,Bachelor's
698,Aiden Davis,Male,24,Bachelor's
700,Jack Garcia,Male,26,Bachelor's
537,Jack Garcia,NA,26,Bachelor's
542,Liam Perez,NA,25,Bachelor's
623,Emma Lopez,NA,24,Bachelor's
